Year,Nationality code,Unemployment %,Political and Violence Percentile,Probability of dying young,Regulatory Quality Percentile,Rule of Law Percentile,Voice and Accountability Percentile,Salaried workers %,GDP_growth,Inflation_annual
2008,DZA,11.33,14.9,3.7,29.13,24.52,20.67,67.41,2.4,15.31
2008,ARG,7.84,40.87,4.8,24.76,27.88,58.17,76.32,4.06,23.17
2008,BRA,8.27,33.65,8.1,54.37,46.63,63.94,66.28,5.09,8.78
2008,BGR,5.61,56.25,3.7,73.3,51.92,65.87,87.6,6.13,8.1
2008,CHN,4.59,29.33,2.9,48.54,37.98,5.77,45.96,9.65,7.8
2008,COL,11.27,5.77,8.6,59.71,42.31,42.79,49.56,3.28,7.68
2008,CUB,1.58,62.98,2.8,3.88,23.08,3.85,87.83,4.12,-0.34
2008,DOM,4.76,42.79,9.7,50.97,29.33,52.88,52.87,3.21,10.39
2008,ECU,3.92,20.67,7.6,14.08,12.98,40.38,54.91,6.36,13.85
2008,FRA,7.39,64.9,2.6,87.38,90.87,91.35,89.38,0.25,2.37
2008,DEU,7.52,79.81,2.0,92.23,94.23,93.75,88.35,0.96,0.91
2008,HND,3.16,28.37,7.6,45.15,18.75,37.5,49.47,4.23,7.79
2008,ITA,6.72,65.38,2.2,79.13,62.5,81.25,74.55,-0.96,2.4
2008,MAR,9.57,25.96,3.7,51.46,41.83,25.96,45.47,5.68,4.83
2008,NIC,6.2,37.5,7.5,38.35,24.04,34.62,50.62,3.44,16.2
2008,PAK,0.42,0.96,7.1,29.61,18.27,25.48,37.16,2.12,10.92
2008,PRY,4.42,21.15,7.8,35.92,20.67,44.71,51.93,6.5,12.22
2008,PER,4.03,17.31,5.1,61.65,25.96,52.4,44.47,9.13,1.1
2008,PRT,7.55,81.25,2.7,82.52,83.65,89.42,75.68,0.32,1.74
2008,ROU,5.79,50.48,3.9,67.48,53.85,62.02,67.42,9.31,16.02
2008,RUS,6.21,20.19,9.5,43.2,15.87,22.6,94.14,5.2,18.01
2008,SEN,10.24,39.42,8.7,43.69,47.12,40.87,27.51,3.7,8.22
2008,ESP,11.25,30.29,1.9,86.89,86.06,87.5,82.42,0.89,2.25
2008,UKR,6.36,45.67,7.0,33.98,27.4,50.48,81.95,2.24,29.02
2008,GBR,5.62,61.06,2.4,97.57,93.27,92.31,86.64,-0.23,3.4
2008,USA,5.78,66.83,4.7,93.2,92.31,86.54,92.98,0.12,1.92
2008,VEN,6.25,11.54,14.3,5.83,1.92,26.44,65.37,5.28,30.13
2009,DZA,10.16,13.27,3.6,18.18,23.22,17.54,67.14,1.6,-11.16
2009,ARG,8.65,36.97,4.9,22.49,30.33,56.4,75.96,-5.92,15.38
2009,BRA,9.42,51.18,8.1,55.98,51.18,62.56,66.78,-0.13,7.31
2009,BGR,6.82,55.92,3.6,73.21,54.03,64.93,87.52,-3.35,3.94
2009,CHN,4.72,30.81,2.9,43.54,41.23,4.74,46.89,9.4,-0.21
2009,COL,12.07,5.21,8.4,55.02,43.13,42.65,47.59,1.14,4.06
2009,CUB,1.67,56.4,2.8,3.83,28.91,4.27,88.34,1.45,0.63
2009,DOM,5.47,44.55,9.6,48.8,24.17,51.66,52.64,0.95,3.5
2009,ECU,4.61,23.22,7.4,7.66,10.43,39.34,54.34,0.57,0.66
2009,FRA,9.12,63.51,2.5,85.65,90.05,90.52,89.0,-2.87,0.07
2009,DEU,7.74,77.73,1.9,93.78,92.89,92.89,88.41,-5.69,1.84
2009,HND,3.29,33.18,7.5,42.58,19.91,30.33,47.34,-2.43,7.65
2009,ITA,7.75,54.5,2.1,78.47,62.56,81.52,75.03,-5.28,1.68
2009,MAR,8.96,31.28,3.6,51.67,46.92,27.96,45.34,3.75,-0.45
2009,NIC,8.16,33.65,7.3,35.89,25.12,34.12,50.62,-3.29,6.04
2009,PAK,0.54,1.42,6.8,30.14,22.27,24.17,36.94,3.47,12.37
2009,PRY,5.46,19.43,7.6,36.84,21.8,43.6,49.29,-0.26,3.65
2009,PER,3.96,13.74,5.0,62.68,31.75,51.18,44.86,1.1,2.06
2009,PRT,9.43,72.99,2.5,79.43,83.41,86.73,75.97,-3.12,1.1
2009,ROU,6.86,56.87,4.1,70.33,56.87,60.19,67.22,-5.52,4.09
2009,RUS,8.3,17.06,8.8,44.5,24.64,23.22,93.59,-7.8,1.97
2009,SEN,10.2,38.39,8.4,41.15,43.6,38.86,28.34,2.75,-1.69
2009,ESP,17.86,30.33,1.8,84.69,86.26,88.15,83.16,-3.76,0.14
2009,UKR,8.84,34.12,6.3,31.58,25.59,50.24,81.52,-15.14,12.63
2009,GBR,7.54,48.34,2.2,94.74,94.31,91.94,86.38,-4.61,1.89
2009,USA,9.25,61.61,4.5,89.95,91.94,84.83,92.91,-2.6,0.64
2009,VEN,6.1,12.32,14.4,4.31,2.37,24.64,64.75,-3.2,7.83
2010,DZA,9.96,11.85,3.5,13.88,25.12,18.48,67.1,3.6,16.12
2010,ARG,7.71,42.65,5.0,26.32,32.7,58.29,76.44,10.13,20.92
2010,BRA,8.43,45.97,8.0,59.81,55.45,65.88,67.6,7.53,8.42
2010,BGR,10.28,57.82,3.5,73.68,51.66,64.45,87.43,1.56,0.76
2010,CHN,4.53,25.59,2.8,40.67,38.86,5.21,47.89,10.64,6.88
2010,COL,11.15,8.53,8.2,55.5,46.92,42.65,46.25,4.49,3.8
2010,CUB,2.5,56.87,2.7,3.35,28.91,6.16,88.18,2.39,1.2
2010,DOM,5.21,44.55,9.4,50.72,23.22,51.18,52.49,8.34,5.44
2010,ECU,4.09,26.07,7.2,11.96,11.85,38.86,55.1,3.53,7.47
2010,FRA,9.28,68.72,2.4,86.6,90.52,90.05,88.47,1.95,1.07
2010,DEU,6.97,73.46,1.9,93.78,92.89,92.42,88.43,4.18,0.65
2010,HND,4.12,28.44,7.3,44.98,22.27,31.75,44.57,3.73,4.68
2010,ITA,8.36,62.56,2.0,77.51,63.98,75.83,74.72,1.71,0.44
2010,MAR,9.09,32.7,3.5,49.76,47.87,28.91,46.19,3.5,0.65
2010,NIC,7.83,27.96,7.2,42.11,24.17,33.18,51.14,4.41,6.14
2010,PAK,0.65,0.47,6.6,29.67,28.44,27.49,36.55,1.5,10.59
2010,PRY,4.57,21.33,7.5,39.71,24.64,45.97,52.66,11.1,4.66
2010,PER,3.6,16.59,4.9,64.11,34.6,52.61,44.67,8.33,5.71
2010,PRT,10.77,71.09,2.3,74.64,82.94,83.89,76.88,1.74,0.64
2010,ROU,6.96,54.03,4.0,73.21,58.29,59.24,64.83,-3.9,5.91
2010,RUS,7.37,18.48,8.3,41.63,26.54,23.7,93.24,4.5,14.19
2010,SEN,10.15,31.75,8.0,41.15,41.71,37.44,29.17,3.39,1.6
2010,ESP,19.86,33.65,1.6,84.21,85.78,85.31,83.31,0.16,0.15
2010,UKR,8.1,45.5,5.8,35.41,23.7,45.02,81.09,4.09,13.67
2010,GBR,7.79,60.19,2.1,97.61,95.73,91.94,85.98,2.24,1.58
2010,USA,9.63,60.66,4.3,91.87,92.42,85.78,92.95,2.71,1.2
2010,VEN,7.11,12.32,14.5,3.83,1.9,24.17,63.29,-1.49,45.94
2011,DZA,9.96,10.43,3.5,9.48,23.47,20.19,67.03,2.9,18.23
2011,ARG,7.18,52.13,5.1,26.54,33.33,58.22,76.9,6.0,23.7
2011,BRA,7.58,41.23,8.0,59.72,56.81,63.38,68.37,3.97,8.32
2011,BGR,11.26,55.92,3.4,69.19,51.17,61.5,87.89,2.09,6.11
2011,CHN,4.55,27.96,2.8,42.65,40.85,5.63,48.81,9.55,8.08
2011,COL,10.29,12.32,8.0,60.19,49.3,46.95,46.01,6.95,6.39
2011,CUB,3.18,55.45,2.7,3.32,29.58,6.1,81.47,2.8,4.32
2011,DOM,6.09,46.92,9.3,48.34,24.88,52.58,53.05,3.13,8.06
2011,ECU,3.46,25.59,6.9,19.43,12.68,37.09,53.45,7.87,5.66
2011,FRA,9.23,65.4,2.3,84.83,89.67,88.73,88.34,2.19,0.95
2011,DEU,5.82,71.56,1.8,92.89,92.02,93.43,88.34,3.93,1.07
2011,HND,4.47,34.12,7.2,49.29,20.19,31.92,47.1,3.84,7.81
2011,ITA,8.36,62.56,1.9,74.88,64.32,75.12,74.96,0.71,1.61
2011,MAR,8.91,33.65,3.4,47.87,46.95,27.7,45.69,5.52,-0.6
2011,NIC,6.62,38.39,7.0,39.34,28.64,29.58,51.7,6.32,10.21
2011,PAK,0.8,0.47,6.5,28.44,19.72,25.82,36.97,2.68,16.41
2011,PRY,4.67,25.12,7.4,40.28,25.35,46.01,53.39,4.29,5.1
2011,PER,3.48,21.8,4.8,63.98,32.39,53.52,45.12,6.33,6.75
2011,PRT,12.68,69.67,2.2,71.09,80.28,84.51,78.49,-1.7,-0.27
2011,ROU,7.18,53.55,3.9,73.93,57.75,58.69,66.81,4.52,3.98
2011,RUS,6.54,17.06,7.9,41.23,26.76,24.41,92.96,4.3,24.46
2011,SEN,10.36,37.91,7.6,43.6,40.38,40.38,29.9,1.33,3.86
2011,ESP,21.39,48.34,1.5,81.04,85.45,83.1,83.6,-0.81,-0.02
2011,UKR,7.85,43.6,5.4,32.23,23.0,44.6,80.73,5.45,14.18
2011,GBR,8.04,58.77,1.9,95.26,92.49,92.02,85.79,1.15,2.19
2011,USA,8.95,64.45,4.2,91.94,91.08,86.38,93.18,1.55,2.08
2011,VEN,6.9,15.64,14.6,7.11,1.41,20.66,63.49,4.18,28.15
2012,DZA,10.97,9.48,3.5,9.0,24.88,22.54,68.01,3.4,7.46
2012,ARG,7.22,49.29,5.2,21.8,32.39,57.28,77.0,-1.03,22.31
2012,BRA,7.25,46.45,8.0,56.87,52.58,62.91,70.72,1.92,7.94
2012,BGR,12.27,58.77,3.3,69.19,51.64,61.5,88.41,0.75,1.11
2012,CHN,4.58,27.96,2.7,42.65,35.68,4.69,49.56,7.86,2.33
2012,COL,9.96,8.06,7.6,61.61,45.54,46.01,46.53,3.91,3.62
2012,CUB,3.46,57.35,2.7,4.27,29.58,6.57,79.49,3.01,2.91
2012,DOM,6.72,54.98,9.1,51.18,29.11,55.4,54.11,2.72,5.1
2012,ECU,3.23,27.49,6.5,20.38,14.55,38.5,53.43,5.64,4.99
2012,FRA,9.84,63.51,2.2,83.41,89.67,89.67,88.52,0.31,1.16
2012,DEU,5.38,71.09,1.7,91.94,92.02,93.43,88.43,0.42,1.5
2012,HND,3.75,36.49,7.1,46.45,9.86,33.33,43.11,4.13,3.58
2012,ITA,10.65,63.03,1.8,74.41,64.32,74.65,75.09,-2.98,1.55
2012,MAR,8.99,32.7,3.4,49.76,46.48,29.11,46.29,3.06,0.53
2012,NIC,5.21,36.97,6.9,41.71,28.17,30.52,52.25,6.5,6.24
2012,PAK,3.67,0.95,6.4,26.07,21.13,24.88,38.36,3.03,9.92
2012,PRY,4.09,19.91,7.3,44.08,25.35,44.6,52.21,-0.71,4.8
2012,PER,3.24,19.43,4.7,65.4,34.27,54.46,46.57,6.14,1.2
2012,PRT,15.53,70.62,2.0,75.36,82.63,81.22,77.93,-4.06,-0.39
2012,ROU,6.79,48.82,3.6,68.72,57.75,57.75,66.64,1.92,3.8
2012,RUS,5.44,20.85,7.5,40.28,22.54,19.25,93.13,4.02,8.91
2012,SEN,9.47,40.76,7.3,50.24,46.95,49.3,30.79,4.0,3.27
2012,ESP,24.79,42.65,1.4,78.2,83.1,82.16,82.69,-2.96,-0.11
2012,UKR,7.53,41.71,5.2,31.28,24.41,40.38,81.23,0.15,7.98
2012,GBR,7.88,59.72,1.8,94.79,94.84,92.49,85.32,1.51,1.54
2012,USA,8.07,66.35,4.2,87.68,91.55,87.79,93.25,2.28,1.87
2012,VEN,6.6,17.54,14.7,6.64,0.47,22.07,64.78,5.63,14.06
2013,DZA,9.82,12.8,3.5,12.32,30.99,23.94,68.97,2.8,-0.09
2013,ARG,7.1,48.34,5.1,19.91,32.39,56.81,76.45,2.41,23.95
2013,BRA,7.07,36.97,8.0,56.4,52.58,60.56,70.53,3.0,7.5
2013,BGR,12.94,53.08,3.2,67.77,50.7,58.22,87.86,-0.54,0.07
2013,CHN,4.6,26.54,2.7,41.23,37.56,4.69,50.23,7.77,2.16
2013,COL,9.25,10.43,7.3,63.03,42.72,45.54,47.46,5.13,1.91
2013,CUB,3.29,60.19,2.7,3.32,30.52,6.57,78.37,2.75,2.66
2013,DOM,7.35,54.98,9.0,53.08,36.15,53.99,55.19,4.88,4.69
2013,ECU,3.08,39.34,6.1,23.22,21.13,40.38,54.77,4.95,3.1
2013,FRA,9.91,62.09,2.1,85.31,89.2,89.67,88.73,0.58,0.78
2013,DEU,5.23,76.3,1.7,92.42,92.02,93.43,88.8,0.44,1.96
2013,HND,5.65,31.75,6.9,45.5,11.27,31.46,44.49,2.79,1.37
2013,ITA,12.15,63.98,1.7,74.88,63.85,76.06,75.18,-1.84,1.15
2013,MAR,9.23,28.91,3.3,48.82,44.6,27.23,46.19,4.12,1.26
2013,NIC,5.28,37.91,6.7,42.65,31.46,33.8,53.13,4.93,4.35
2013,PAK,2.95,0.95,6.3,26.07,22.07,25.35,39.75,4.37,7.38
2013,PRY,4.38,22.75,7.2,45.02,25.82,44.6,55.42,8.29,4.34
2013,PER,3.57,20.38,4.6,64.93,34.27,52.11,47.5,5.85,1.06
2013,PRT,16.19,68.72,1.9,75.36,83.1,82.63,78.09,-0.92,2.25
2013,ROU,7.1,54.03,3.3,71.56,58.69,57.75,67.18,0.27,1.39
2013,RUS,5.46,22.27,7.2,39.34,23.0,18.78,92.76,1.76,5.32
2013,SEN,8.76,43.6,6.9,51.18,47.89,51.64,31.66,2.41,1.19
2013,ESP,26.09,46.92,1.3,79.15,82.16,78.4,82.13,-1.4,0.4
2013,UKR,7.17,20.85,5.0,30.33,22.54,37.56,80.88,0.05,4.31
2013,GBR,7.52,63.03,1.8,96.21,93.9,92.49,85.35,1.79,2.12
2013,USA,7.37,66.82,4.2,86.73,90.61,84.04,93.41,1.84,1.75
2013,VEN,7.54,16.59,15.0,4.74,0.94,22.07,64.88,1.34,35.5
2014,DZA,10.21,9.52,3.5,8.17,22.6,25.12,69.06,3.8,-0.3
2014,ARG,7.27,45.71,5.1,14.42,19.71,59.11,76.35,-2.51,40.28
2014,BRA,6.76,42.86,8.1,50.96,57.69,62.07,70.64,0.5,7.85
2014,BGR,11.42,49.52,3.2,70.19,54.33,59.61,87.51,0.95,1.34
2014,CHN,4.63,28.57,2.7,41.35,40.38,5.42,50.82,7.43,1.03
2014,COL,8.8,10.95,7.1,66.83,45.67,47.78,48.3,4.5,2.24
2014,CUB,2.7,63.33,2.7,7.69,29.81,6.4,76.91,1.05,3.46
2014,DOM,6.72,50.95,8.9,53.37,41.35,54.19,55.17,7.05,4.32
2014,ECU,3.48,45.24,5.8,17.79,14.42,39.9,57.06,3.79,3.03
2014,FRA,10.27,58.1,2.0,81.73,88.46,89.66,88.39,0.96,0.58
2014,DEU,4.98,78.1,1.6,94.23,93.75,96.06,89.05,2.21,1.88
2014,HND,7.08,28.1,6.8,37.5,16.35,33.99,49.67,3.06,6.85
2014,ITA,12.68,60.48,1.6,71.15,67.79,77.83,75.32,-0.0,0.91
2014,MAR,9.7,29.52,3.3,51.44,52.4,27.59,46.3,2.72,0.22
2014,NIC,4.52,43.33,6.6,37.02,27.4,34.48,53.99,4.79,8.39
2014,PAK,1.83,3.33,6.3,27.88,25.96,27.09,39.76,4.12,7.21
2014,PRY,5.03,42.38,7.1,48.08,32.69,45.32,56.3,5.3,2.86
2014,PER,3.21,27.14,4.5,67.31,34.13,54.68,47.38,2.38,2.43
2014,PRT,13.9,74.29,1.8,74.04,84.13,82.76,80.28,0.79,0.7
2014,ROU,6.8,48.57,3.1,70.67,64.9,60.59,67.92,4.12,1.71
2014,RUS,5.16,14.76,6.7,37.98,25.0,20.69,92.82,0.74,7.49
2014,SEN,7.65,37.14,6.6,44.71,55.29,58.13,32.49,6.22,-1.52
2014,ESP,24.44,55.24,1.3,74.52,80.29,76.85,82.4,1.4,-0.22
2014,UKR,9.27,5.71,5.6,31.25,20.67,43.35,84.13,-10.08,15.9
2014,GBR,6.11,59.52,1.8,97.12,94.71,90.15,84.73,3.2,1.32
2014,USA,6.17,65.71,4.3,88.94,89.9,81.77,93.55,2.29,1.87
2014,VEN,6.8,18.1,15.4,2.88,0.48,19.7,64.97,-3.89,40.44
2015,DZA,11.21,11.9,3.5,7.62,16.67,24.63,68.93,3.7,-6.46
2015,ARG,7.58,46.19,5.0,19.52,26.67,60.1,75.75,2.73,26.58
2015,BRA,8.54,34.29,8.1,47.14,50.48,62.07,69.47,-3.55,7.57
2015,BGR,9.14,46.67,3.1,70.48,51.43,61.08,87.97,3.4,2.95
2015,CHN,4.65,26.19,2.6,41.9,40.95,4.93,51.28,7.04,-0.0
2015,COL,8.57,12.38,6.9,66.19,46.19,47.78,48.6,2.96,2.45
2015,CUB,2.4,65.71,2.6,8.1,27.62,6.4,75.56,4.44,3.44
2015,DOM,7.61,54.76,8.7,52.38,34.76,52.22,55.6,6.93,2.47
2015,ECU,3.62,40.95,5.6,11.9,15.24,39.41,55.08,0.1,-2.49
2015,FRA,10.35,51.43,2.0,82.86,87.62,89.66,88.41,1.11,1.14
2015,DEU,4.62,68.1,1.6,94.29,93.33,95.57,89.25,1.49,1.85
2015,HND,6.15,29.05,6.7,39.05,17.14,31.53,48.58,3.84,6.93
2015,ITA,11.9,58.57,1.6,73.81,63.33,81.28,75.62,0.78,0.93
2015,MAR,9.46,33.81,3.2,49.05,50.95,28.57,47.37,4.34,3.17
2015,NIC,4.7,42.86,6.5,38.57,25.71,32.51,54.69,4.79,7.59
2015,PAK,3.57,1.43,6.2,28.1,24.29,27.09,39.41,4.22,4.44
2015,PRY,4.56,48.57,6.9,45.71,30.0,44.83,56.23,2.96,1.6
2015,PER,3.27,32.38,4.5,66.67,37.14,54.68,48.05,3.25,2.69
2015,PRT,12.45,78.1,1.7,79.05,82.38,84.73,81.6,1.79,2.02
2015,ROU,6.81,54.29,2.9,70.0,61.43,63.55,71.02,3.16,3.26
2015,RUS,5.57,13.81,6.2,30.95,22.86,20.2,92.8,-1.97,7.25
2015,SEN,6.76,41.9,6.3,45.24,51.9,57.64,33.41,6.37,1.07
2015,ESP,22.06,55.71,1.3,75.71,78.1,82.76,82.72,3.84,0.55
2015,UKR,9.14,5.24,4.6,30.0,20.0,43.84,84.07,-9.77,38.88
2015,GBR,5.3,61.43,1.8,98.57,93.81,92.12,84.98,2.22,0.66
2015,USA,5.28,66.67,4.4,85.24,90.48,84.24,93.56,2.71,1.0
2015,VEN,6.08,16.19,15.6,2.38,0.48,19.7,65.08,-6.2,182.73
2016,DZA,10.2,12.38,3.5,9.52,18.1,23.65,69.08,3.2,1.55
2016,ARG,8.09,52.86,4.9,40.48,42.38,63.55,75.44,-2.08,41.12
2016,BRA,11.58,31.9,8.1,46.67,46.67,62.07,69.1,-3.28,8.1
2016,BGR,7.57,49.05,3.1,74.29,49.52,59.11,88.27,3.03,3.32
2016,CHN,4.56,26.67,2.6,40.95,41.43,7.39,51.75,6.85,1.41
2016,COL,8.92,16.19,6.8,65.71,45.24,49.75,48.65,2.09,5.15
2016,CUB,2.0,69.05,2.7,6.67,34.76,6.9,75.05,0.51,4.33
2016,DOM,7.28,54.76,8.6,52.86,37.14,52.71,56.93,6.66,1.99
2016,ECU,4.6,44.29,5.4,16.19,29.52,38.42,51.37,-1.23,1.9
2016,FRA,10.06,42.86,2.0,82.38,87.62,85.22,88.19,1.1,0.52
2016,DEU,4.12,68.57,1.6,96.67,91.9,95.07,89.58,2.23,1.33
2016,HND,6.73,30.48,6.6,31.43,11.43,32.51,51.75,3.89,3.68
2016,ITA,11.69,58.57,1.5,73.81,62.86,81.77,76.07,1.29,1.13
2016,MAR,9.3,34.29,3.2,47.62,44.29,29.56,48.24,0.52,0.97
2016,NIC,3.9,43.81,6.4,31.9,28.57,28.08,55.31,4.56,4.59
2016,PAK,2.29,1.43,6.2,27.14,20.48,27.59,55.62,6.57,0.92
2016,PRY,5.25,50.95,6.8,44.29,26.19,44.33,55.77,4.27,4.13
2016,PER,3.74,38.1,4.4,67.62,33.81,55.17,47.38,3.95,3.08
2016,PRT,11.07,79.52,1.7,76.19,82.86,86.21,82.25,2.02,1.72
2016,ROU,5.9,55.24,2.8,69.05,67.14,65.52,73.39,2.86,2.62
2016,RUS,5.56,15.24,5.7,36.19,19.05,17.73,92.52,0.19,2.84
2016,SEN,4.46,37.62,6.1,45.71,51.43,57.64,27.69,6.36,0.96
2016,ESP,19.64,60.0,1.3,81.43,80.48,82.27,83.06,3.04,0.32
2016,UKR,9.35,6.67,4.3,38.57,20.0,47.78,84.36,2.44,17.1
2016,GBR,4.81,58.1,1.8,95.24,92.38,93.1,84.55,1.92,1.96
2016,USA,4.87,59.05,4.5,91.9,91.43,84.24,93.61,1.67,1.0
2016,VEN,5.32,13.81,15.6,2.38,0.48,17.24,64.82,-17.0,321.31
2017,DZA,12.0,15.71,3.4,9.05,18.1,23.15,69.32,1.3,6.39
2017,ARG,8.35,53.33,4.8,43.81,45.71,64.53,74.93,2.82,26.01
2017,BRA,12.79,29.52,8.0,47.62,42.86,61.08,68.56,1.32,3.67
2017,BGR,6.16,59.05,3.1,73.33,50.95,60.1,88.32,2.75,4.81
2017,CHN,4.47,38.57,2.6,45.24,45.24,7.88,52.25,6.95,4.23
2017,COL,9.09,18.1,6.8,63.81,39.52,49.26,48.4,1.36,5.13
2017,CUB,1.7,68.1,2.7,8.1,34.76,7.39,74.88,1.81,4.11
2017,DOM,5.83,52.86,8.5,52.38,37.62,52.71,56.76,4.67,4.18
2017,ECU,3.84,41.9,5.3,13.33,25.71,40.89,50.68,2.37,1.95
2017,FRA,9.41,56.19,1.9,83.33,88.57,85.71,88.27,2.29,0.52
2017,DEU,3.75,65.24,1.5,95.24,91.43,95.57,89.84,2.68,1.5
2017,HND,5.53,27.14,6.5,33.81,13.81,32.51,49.88,4.84,4.51
2017,ITA,11.21,57.62,1.5,74.76,62.38,78.82,76.57,1.67,0.73
2017,MAR,9.69,30.95,3.2,46.67,44.29,28.57,49.33,5.06,-0.06
2017,NIC,3.3,44.29,6.3,27.14,28.57,26.6,55.8,4.63,4.12
2017,PAK,3.19,1.9,6.1,29.05,23.81,28.08,49.4,4.43,4.03
2017,PRY,6.14,46.19,6.7,43.33,28.1,44.33,56.37,4.81,2.16
2017,PER,3.69,36.19,4.4,66.19,31.9,55.17,47.02,2.52,3.62
2017,PRT,8.87,88.57,1.7,79.05,83.33,88.67,82.8,3.51,1.51
2017,ROU,4.93,48.57,2.7,68.57,67.14,67.49,74.05,8.2,4.65
2017,RUS,5.21,24.29,5.2,30.95,20.95,18.72,92.86,1.83,5.35
2017,SEN,4.08,43.81,5.8,44.29,48.57,57.14,30.25,7.41,0.6
2017,ESP,17.22,57.14,1.3,79.52,81.9,82.27,83.54,2.98,1.3
2017,UKR,9.5,6.67,4.0,40.48,23.33,47.29,83.69,2.36,22.1
2017,GBR,4.33,60.48,1.9,94.29,92.86,93.6,84.71,2.66,1.86
2017,USA,4.36,55.71,4.6,92.86,91.9,80.79,93.66,2.24,1.9
2017,VEN,5.05,10.95,15.8,2.38,0.48,14.29,64.13,-15.7,748.06
2018,DZA,12.14,17.92,3.3,8.1,21.9,21.36,69.47,1.2,6.76
2018,ARG,9.22,47.17,4.7,45.71,46.67,66.02,74.47,-2.62,42.03
2018,BRA,12.33,29.25,7.9,40.48,42.86,59.71,68.1,1.78,4.49
2018,BGR,5.21,61.79,3.1,72.38,50.95,58.74,88.35,2.69,4.23
2018,CHN,4.31,36.32,2.6,44.29,48.57,9.22,53.0,6.75,3.5
2018,COL,9.36,18.87,6.8,62.38,39.05,52.43,48.1,2.56,4.63
2018,CUB,1.7,66.04,2.7,6.19,34.29,9.71,74.58,2.25,1.03
2018,DOM,5.86,47.64,8.4,51.9,40.48,50.49,56.63,6.98,4.12
2018,ECU,3.53,42.45,5.3,16.19,27.14,46.6,49.99,1.29,1.82
2018,FRA,9.02,48.11,1.9,83.81,88.1,86.89,88.35,1.87,0.99
2018,DEU,3.38,64.62,1.5,95.24,91.43,95.15,90.1,0.98,2.01
2018,HND,5.62,28.3,6.3,35.24,15.24,31.07,47.94,3.84,1.95
2018,ITA,10.61,57.08,1.4,75.24,60.0,78.16,77.09,0.93,1.07
2018,MAR,9.73,33.96,3.1,42.86,44.76,29.13,50.38,3.07,0.94
2018,NIC,5.2,14.62,6.1,24.76,13.33,18.45,56.31,-3.36,2.66
2018,PAK,4.08,2.83,6.0,27.62,26.67,25.24,42.96,6.15,3.84
2018,PRY,6.22,44.34,6.6,49.52,30.0,48.54,56.99,3.2,1.96
2018,PER,3.49,37.26,4.3,68.1,31.43,54.37,46.74,3.97,2.28
2018,PRT,6.99,89.15,1.7,79.05,84.29,87.86,83.36,2.85,1.81
2018,ROU,4.19,49.06,2.6,67.14,63.33,65.53,74.78,6.03,6.21
2018,RUS,4.85,27.36,4.9,30.0,20.95,18.93,93.18,2.81,10.0
2018,SEN,3.57,41.98,5.7,46.19,45.71,54.85,32.56,6.21,-0.84
2018,ESP,15.25,56.6,1.3,80.48,80.48,81.55,84.03,2.28,1.25
2018,UKR,8.8,5.66,3.8,43.33,23.81,43.69,83.02,3.49,15.4
2018,GBR,4.0,50.47,1.9,95.71,91.9,93.2,84.87,1.4,1.92
2018,USA,3.9,58.96,4.7,92.86,89.05,80.1,93.72,2.95,2.4
2018,VEN,5.51,9.43,15.7,0.0,0.48,10.19,62.89,-19.7,65374.08
2019,DZA,12.28,13.21,3.2,7.14,20.48,19.81,69.34,1.0,-0.47
2019,ARG,9.84,43.87,4.6,34.76,37.14,65.22,73.49,-2.0,49.2
2019,BRA,11.94,20.75,7.7,49.05,46.67,56.52,67.78,1.22,4.22
2019,BGR,4.23,66.04,3.2,70.48,52.38,58.45,89.18,4.04,5.24
2019,CHN,4.56,38.21,2.5,41.9,44.76,6.76,53.57,5.95,1.29
2019,COL,10.28,14.62,6.9,63.81,40.0,53.62,50.05,3.19,4.0
2019,CUB,1.2,66.98,2.8,5.71,42.38,8.7,74.2,-0.16,3.54
2019,DOM,6.18,47.17,8.3,52.86,43.33,53.14,58.34,5.05,2.53
2019,ECU,3.81,39.15,5.5,20.0,31.9,47.83,48.68,0.01,0.5
2019,FRA,8.41,57.08,1.9,90.95,88.57,85.51,87.91,1.84,1.28
2019,DEU,3.14,65.09,1.5,96.19,92.38,95.17,90.38,1.08,2.13
2019,HND,5.55,24.53,6.2,33.33,14.76,30.43,48.38,2.65,4.13
2019,ITA,9.95,58.96,1.4,77.14,60.48,76.81,77.26,0.48,0.94
2019,MAR,9.67,32.55,3.1,46.67,45.71,29.47,51.44,2.89,0.82
2019,NIC,5.49,14.15,6.0,26.19,9.52,18.36,56.78,-2.9,5.4
2019,PAK,4.83,3.3,6.0,27.14,25.71,22.71,40.27,2.5,9.04
2019,PRY,6.59,46.23,6.5,48.1,30.48,48.31,57.07,-0.4,3.06
2019,PER,3.38,41.98,4.3,69.52,32.38,55.07,47.09,2.24,1.87
2019,PRT,6.46,87.26,1.7,77.62,83.81,88.41,83.16,2.68,1.75
2019,ROU,3.91,63.68,2.7,66.19,63.81,64.25,75.77,3.85,6.81
2019,RUS,4.5,25.94,4.8,33.81,23.33,17.87,93.31,2.2,3.26
2019,SEN,2.86,48.58,5.6,46.19,47.14,54.11,34.32,4.61,2.09
2019,ESP,14.1,58.02,1.3,81.9,80.95,80.68,84.32,1.98,1.45
2019,UKR,8.19,8.96,3.7,44.76,24.76,46.86,82.36,3.2,8.25
2019,GBR,3.74,62.26,1.8,93.81,91.9,91.79,84.42,1.64,2.12
2019,USA,3.67,52.36,4.9,89.05,89.05,77.29,93.91,2.29,1.79
2019,VEN,5.92,8.49,15.3,0.48,0.48,9.66,60.47,-27.7,19906.02
2020,DZA,14.04,17.92,3.1,8.57,22.38,19.32,68.67,-5.1,-5.03
2020,ARG,11.46,45.28,4.5,33.33,34.29,65.7,73.0,-9.9,40.08
2020,BRA,13.7,31.13,7.6,47.62,46.19,57.0,67.49,-3.28,6.47
2020,BGR,5.12,58.49,3.2,65.71,49.05,56.04,88.93,-3.97,4.26
2020,CHN,5.0,27.83,2.5,44.29,51.43,4.83,53.45,2.24,0.49
2020,COL,15.98,21.23,7.0,59.05,33.81,53.14,48.81,-7.25,1.48
2020,CUB,1.4,65.57,2.9,5.24,43.33,10.14,73.7,-10.95,16.56
2020,DOM,6.13,52.36,8.2,54.29,47.62,54.59,56.89,-6.72,4.72
2020,ECU,6.13,37.26,5.9,18.1,31.9,45.41,45.59,-7.79,-0.4
2020,FRA,8.01,56.13,1.9,85.24,87.14,81.64,87.6,-7.54,2.84
2020,DEU,3.86,67.92,1.5,93.33,90.95,94.2,91.1,-3.83,1.87
2020,HND,10.68,29.72,6.1,33.81,16.67,30.43,53.51,-8.96,4.63
2020,ITA,9.16,58.02,1.3,68.1,57.62,81.16,77.48,-8.97,1.58
2020,MAR,11.73,33.96,3.1,50.0,47.14,30.92,50.86,-7.18,0.14
2020,NIC,6.28,25.47,5.9,27.62,10.0,18.36,56.48,-1.77,5.38
2020,PAK,6.22,5.19,5.9,24.29,24.76,23.67,40.73,-1.27,9.94
2020,PRY,7.55,48.11,6.4,45.71,37.14,48.31,54.48,-0.82,2.2
2020,PER,7.18,34.43,4.2,67.14,39.52,55.56,43.64,-10.87,3.92
2020,PRT,6.8,83.49,1.7,75.24,85.24,89.37,83.32,-8.3,2.0
2020,ROU,5.03,62.74,2.8,62.86,62.86,65.22,76.23,-3.68,4.11
2020,RUS,5.59,22.64,4.7,34.76,21.9,20.29,93.26,-2.65,0.9
2020,SEN,3.34,42.45,5.5,41.43,41.9,55.07,34.61,1.34,1.6
2020,ESP,15.53,58.96,1.3,73.81,76.67,80.19,83.93,-11.17,1.14
2020,UKR,9.48,12.26,3.7,42.38,25.24,51.69,82.27,-3.75,10.29
2020,GBR,4.47,61.32,1.8,92.38,90.0,88.89,84.31,-10.36,5.08
2020,USA,8.05,47.64,5.2,87.14,88.1,72.95,93.69,-2.77,1.3
2020,VEN,7.53,8.49,15.4,0.48,0.0,7.25,59.36,-30.0,2355.15
2021,DZA,13.73,15.57,3.0,10.0,22.38,20.77,68.8,3.4,15.57
2021,ARG,8.74,47.64,4.4,30.0,34.29,65.22,72.41,10.72,53.84
2021,BRA,13.16,31.13,7.6,47.14,41.9,56.04,66.48,4.99,11.38
2021,BGR,5.27,58.02,3.3,66.67,52.38,56.52,89.0,7.66,7.13
2021,CHN,4.55,28.3,2.5,40.0,52.86,5.31,53.82,8.45,4.55
2021,COL,13.9,16.51,7.2,60.0,34.76,51.21,48.74,11.02,7.67
2021,CUB,1.39,58.49,3.0,6.19,37.62,11.11,73.8,1.25,401.59
2021,DOM,7.7,55.66,8.1,56.19,49.05,57.0,56.14,12.27,7.78
2021,ECU,4.55,37.26,6.6,25.71,40.95,51.69,45.63,4.24,2.58
2021,FRA,7.86,56.6,1.9,85.71,87.14,85.51,87.38,6.44,1.42
2021,DEU,3.64,69.81,1.5,94.76,91.43,95.65,91.25,3.16,3.02
2021,HND,8.23,24.06,6.0,33.33,15.24,32.85,53.76,12.53,3.8
2021,ITA,9.5,63.68,1.3,68.57,58.1,83.57,78.17,8.31,1.28
2021,MAR,11.22,31.6,3.0,46.67,45.71,31.88,51.32,8.02,2.39
2021,NIC,6.27,29.25,5.8,19.52,7.14,14.49,56.76,10.35,3.56
2021,PAK,6.34,6.6,5.9,23.81,27.62,25.12,42.23,6.51,10.27
2021,PRY,7.31,47.17,6.3,44.76,31.43,46.86,55.76,4.02,8.45
2021,PER,5.1,33.49,4.2,55.24,32.38,53.62,46.54,13.42,8.45
2021,PRT,6.58,81.13,1.8,73.33,84.29,89.37,84.02,5.74,1.9
2021,ROU,5.59,64.15,2.8,61.9,62.38,64.25,76.5,5.71,5.45
2021,RUS,4.72,21.7,4.8,32.86,20.0,19.81,93.34,5.61,18.99
2021,SEN,3.32,41.51,5.4,40.95,39.05,54.59,35.08,6.54,1.63
2021,ESP,14.78,61.79,1.4,73.81,77.62,79.23,84.14,6.4,2.66
2021,UKR,9.83,12.74,3.9,42.38,25.71,49.28,82.36,3.45,24.8
2021,GBR,4.83,60.85,1.8,90.95,89.52,89.86,84.32,8.67,-0.12
2021,USA,5.35,46.7,5.7,90.48,89.05,74.4,93.42,5.95,4.49
2021,VEN,7.13,9.43,15.4,0.95,0.0,5.8,59.59,1.0,1221.47
2022,DZA,12.49,19.34,2.9,14.15,22.64,21.74,68.98,3.2,21.52
2022,ARG,6.8,46.7,4.3,25.94,34.91,62.8,72.39,4.96,69.47
2022,BRA,9.23,33.96,7.6,43.87,43.4,55.56,67.87,2.9,8.28
2022,BGR,4.27,52.36,3.3,61.79,49.53,57.0,88.91,3.93,16.18
2022,CHN,4.98,28.3,2.5,36.79,52.83,6.28,54.24,2.99,2.25
2022,COL,10.55,23.11,7.5,56.6,38.68,54.59,52.9,7.26,14.34
2022,CUB,1.25,61.32,3.1,7.08,36.32,12.08,74.09,1.77,14.16
2022,DOM,5.5,55.19,8.0,54.25,50.47,57.97,56.35,4.86,10.71
2022,ECU,3.76,38.68,7.7,35.38,26.89,48.79,46.7,2.95,5.26
2022,FRA,7.31,56.13,1.9,85.38,85.38,85.99,86.91,2.45,2.95
2022,DEU,3.14,67.45,1.6,92.45,91.98,94.69,91.25,1.81,5.27
2022,HND,7.0,25.0,5.9,33.49,16.98,34.3,54.08,4.0,9.15
2022,ITA,8.07,58.49,1.4,68.87,58.49,82.61,78.46,3.72,2.98
2022,MAR,9.99,34.43,3.0,49.06,44.81,32.85,51.85,1.26,3.05
2022,NIC,4.99,33.49,5.7,18.4,8.96,11.59,57.07,3.75,8.92
2022,PAK,5.6,6.6,5.8,20.28,25.0,25.12,42.14,4.71,13.96
2022,PRY,6.75,48.11,6.2,45.28,30.19,47.83,57.79,0.08,7.57
2022,PER,3.85,27.83,4.2,59.91,32.55,49.76,48.1,2.68,4.38
2022,PRT,6.01,75.94,1.9,75.0,83.96,89.86,84.84,6.83,5.0
2022,ROU,5.61,60.85,2.8,63.68,62.26,63.77,76.8,4.6,13.35
2022,RUS,3.87,16.04,7.2,13.21,12.26,14.49,93.39,-2.07,15.8
2022,SEN,3.01,40.57,5.4,41.04,42.92,54.11,35.64,4.15,8.45
2022,ESP,12.92,53.3,1.5,75.94,77.36,79.71,84.66,5.77,4.14
2022,UKR,33.3,5.66,18.1,40.57,18.87,45.89,82.4,-29.1,34.32
2022,GBR,3.73,62.26,1.7,93.4,89.15,89.37,84.33,4.35,5.15
2022,USA,3.65,45.28,6.2,91.04,88.68,72.95,93.72,1.94,7.04
2022,VEN,5.62,12.26,15.5,2.36,0.47,6.76,59.85,8.0,1203.15
